{
  "marcas": [
    {
      "id": 1,
      "nombre": "Toyota",
      "modelos": [
        {
          "id": 1,
          "nombre": "Supra",
          "año": 2022,
          "motor": "3.0L Turbo",
          "body_kits": [
            {
              "id": 1,
              "nombre": "Kit de fuselaje ancho",
              "precio": "$5,000",
              "materiales": "Fibra de carbono"
            }
          ]
        }
      ]
    },
    {
      "id": 2,
      "nombre": "Nissan",
      "modelos": [
        {
          "id": 2,
          "nombre": "GT-R",
          "año": 2023,
          "motor": "3.8L Twin-Turbo V6",
          "body_kits": [
            {
              "id": 2,
              "nombre": "Kit de carrocería Nismo",
              "precio": "$10,000",
              "materiales": "Plástico reforzado con fibra"
            }
          ]
        }
      ]
    }
  ]
}
